{
  "ckpt": "/home/hello/HJT/DiTSR/experiments_results/train_4090_auto_v4/checkpoints/last.pth",
  "epoch": 40,
  "step": 8815,
  "steps": 50,
  "mode": "adapter_only",
  "seed": 3407,
  "cfg": {
    "0.0": {
      "psnr": 8.613721261024475,
      "ssim": 0.04697357190772891,
      "lpips": 0.8042996090650558
    },
    "0.5": {
      "psnr": 9.1618621301651,
      "ssim": 0.05254795487970114,
      "lpips": 0.7893628084659576
    },
    "1.0": {
      "psnr": 9.912378015518188,
      "ssim": 0.0638646151125431,
      "lpips": 0.7702895498275757
    },
    "1.5": {
      "psnr": 10.983370103836059,
      "ssim": 0.08473874147981406,
      "lpips": 0.7435155421495437
    },
    "2.0": {
      "psnr": 12.856062126159667,
      "ssim": 0.12928954064846038,
      "lpips": 0.7042382955551147
    },
    "2.5": {
      "psnr": 17.02704444885254,
      "ssim": 0.28237030081450937,
      "lpips": 0.6136226612329483
    },
    "3.0": {
      "psnr": 21.964185619354247,
      "ssim": 0.5976079750061035,
      "lpips": 0.4407496431469917
    },
    "3.5": {
      "psnr": 22.472163162231446,
      "ssim": 0.6547646203637123,
      "lpips": 0.4477941396832466
    },
    "4.0": {
      "psnr": 22.1803484249115,
      "ssim": 0.658771027624607,
      "lpips": 0.4667476314306259
    },
    "5.0": {
      "psnr": 21.441784448623658,
      "ssim": 0.6544132590293884,
      "lpips": 0.4836665242910385
    }
  }
}