{
  "ckpt": "/home/hello/HJT/DiTSR/experiments_results/train_4090_auto_v4/checkpoints/last.pth",
  "epoch": 40,
  "step": 8815,
  "steps": 50,
  "mode": "text+adapter",
  "seed": 3407,
  "cfg": {
    "0.0": {
      "psnr": 8.586116127967834,
      "ssim": 0.048700984697788954,
      "lpips": 0.8050089728832245
    },
    "0.5": {
      "psnr": 9.154166703224183,
      "ssim": 0.053440035134553907,
      "lpips": 0.7896582472324372
    },
    "1.0": {
      "psnr": 9.912364463806153,
      "ssim": 0.0638638924062252,
      "lpips": 0.7702887612581253
    },
    "1.5": {
      "psnr": 10.934213733673095,
      "ssim": 0.08288932323455811,
      "lpips": 0.7436611306667328
    },
    "2.0": {
      "psnr": 12.607833404541015,
      "ssim": 0.12069817189127206,
      "lpips": 0.70659235060215
    },
    "2.5": {
      "psnr": 16.38257001876831,
      "ssim": 0.23832579337060453,
      "lpips": 0.6260022586584091
    },
    "3.0": {
      "psnr": 22.593657073974608,
      "ssim": 0.5519773276150226,
      "lpips": 0.4526028564572334
    },
    "3.5": {
      "psnr": 24.340020895004272,
      "ssim": 0.6621249175071716,
      "lpips": 0.4284244605898857
    },
    "4.0": {
      "psnr": 23.840276308059693,
      "ssim": 0.6691684627532959,
      "lpips": 0.45256022214889524
    },
    "5.0": {
      "psnr": 22.34976731300354,
      "ssim": 0.6611027997732163,
      "lpips": 0.46814010679721835
    }
  }
}